Start
Sat Jul  5 12:23:16 UTC 2025 - Keep active
Sat Jul  5 12:55:31 UTC 2025 - Keep active
Sun Jul  6 12:55:49 UTC 2025 - Keep active
Mon Jul  7 13:00:54 UTC 2025 - Keep active
Tue Jul  8 13:00:47 UTC 2025 - Keep active
Wed Jul  9 13:01:03 UTC 2025 - Keep active
Thu Jul 10 13:01:44 UTC 2025 - Keep active
Fri Jul 11 13:00:11 UTC 2025 - Keep active
Sat Jul 12 12:56:36 UTC 2025 - Keep active
Sun Jul 13 12:57:16 UTC 2025 - Keep active
Mon Jul 14 13:02:45 UTC 2025 - Keep active
Tue Jul 15 13:03:18 UTC 2025 - Keep active
Wed Jul 16 13:04:02 UTC 2025 - Keep active
Thu Jul 17 13:03:32 UTC 2025 - Keep active
Fri Jul 18 13:04:23 UTC 2025 - Keep active
Sat Jul 19 12:58:00 UTC 2025 - Keep active
Sun Jul 20 12:59:13 UTC 2025 - Keep active
Mon Jul 21 13:05:05 UTC 2025 - Keep active
Tue Jul 22 13:04:37 UTC 2025 - Keep active
Wed Jul 23 13:05:14 UTC 2025 - Keep active
Thu Jul 24 13:04:39 UTC 2025 - Keep active
Fri Jul 25 13:03:07 UTC 2025 - Keep active
Sat Jul 26 12:58:35 UTC 2025 - Keep active
Sun Jul 27 12:59:39 UTC 2025 - Keep active
Mon Jul 28 13:05:48 UTC 2025 - Keep active
Tue Jul 29 13:06:46 UTC 2025 - Keep active
Wed Jul 30 13:06:16 UTC 2025 - Keep active
Thu Jul 31 13:04:32 UTC 2025 - Keep active
Fri Aug  1 13:05:02 UTC 2025 - Keep active
Sat Aug  2 12:59:25 UTC 2025 - Keep active
Sun Aug  3 13:02:00 UTC 2025 - Keep active
Mon Aug  4 13:08:07 UTC 2025 - Keep active
Tue Aug  5 13:07:56 UTC 2025 - Keep active
Wed Aug  6 13:07:58 UTC 2025 - Keep active
Thu Aug  7 13:07:34 UTC 2025 - Keep active
Fri Aug  8 13:05:54 UTC 2025 - Keep active
Sat Aug  9 12:58:07 UTC 2025 - Keep active
Sun Aug 10 12:58:26 UTC 2025 - Keep active
Mon Aug 11 13:05:00 UTC 2025 - Keep active
Tue Aug 12 13:01:29 UTC 2025 - Keep active
Wed Aug 13 13:02:42 UTC 2025 - Keep active
Thu Aug 14 13:03:13 UTC 2025 - Keep active
Fri Aug 15 12:58:48 UTC 2025 - Keep active
Sat Aug 16 12:56:29 UTC 2025 - Keep active
Sun Aug 17 12:56:59 UTC 2025 - Keep active
Mon Aug 18 13:03:35 UTC 2025 - Keep active
Tue Aug 19 12:57:11 UTC 2025 - Keep active
Wed Aug 20 12:59:14 UTC 2025 - Keep active
Thu Aug 21 12:58:11 UTC 2025 - Keep active
Fri Aug 22 12:57:00 UTC 2025 - Keep active
Sat Aug 23 12:53:18 UTC 2025 - Keep active
Sun Aug 24 12:53:54 UTC 2025 - Keep active
Mon Aug 25 13:00:05 UTC 2025 - Keep active
Tue Aug 26 13:00:57 UTC 2025 - Keep active
Wed Aug 27 12:56:56 UTC 2025 - Keep active
Thu Aug 28 12:57:04 UTC 2025 - Keep active
Fri Aug 29 12:55:39 UTC 2025 - Keep active
Sat Aug 30 12:51:04 UTC 2025 - Keep active
Sun Aug 31 12:52:17 UTC 2025 - Keep active
Mon Sep  1 12:58:19 UTC 2025 - Keep active
Tue Sep  2 12:58:18 UTC 2025 - Keep active
Wed Sep  3 12:55:26 UTC 2025 - Keep active
Thu Sep  4 12:53:25 UTC 2025 - Keep active
Fri Sep  5 12:55:10 UTC 2025 - Keep active
Sat Sep  6 12:49:13 UTC 2025 - Keep active
Sun Sep  7 12:50:07 UTC 2025 - Keep active
Mon Sep  8 12:58:57 UTC 2025 - Keep active
Tue Sep  9 12:59:26 UTC 2025 - Keep active
Wed Sep 10 12:55:28 UTC 2025 - Keep active
Thu Sep 11 12:54:58 UTC 2025 - Keep active
Fri Sep 12 12:53:43 UTC 2025 - Keep active
Sat Sep 13 12:49:42 UTC 2025 - Keep active
Sun Sep 14 12:49:13 UTC 2025 - Keep active
Mon Sep 15 12:57:28 UTC 2025 - Keep active
Tue Sep 16 12:56:54 UTC 2025 - Keep active
Wed Sep 17 12:57:05 UTC 2025 - Keep active
Thu Sep 18 12:56:03 UTC 2025 - Keep active
Fri Sep 19 12:55:50 UTC 2025 - Keep active
Sat Sep 20 12:51:58 UTC 2025 - Keep active
Sun Sep 21 12:51:03 UTC 2025 - Keep active
Mon Sep 22 12:58:18 UTC 2025 - Keep active
Tue Sep 23 12:56:28 UTC 2025 - Keep active
Wed Sep 24 12:57:10 UTC 2025 - Keep active
Thu Sep 25 12:58:27 UTC 2025 - Keep active
Fri Sep 26 12:56:38 UTC 2025 - Keep active
Sat Sep 27 12:50:29 UTC 2025 - Keep active
Sun Sep 28 12:51:10 UTC 2025 - Keep active
Mon Sep 29 12:59:16 UTC 2025 - Keep active
Tue Sep 30 12:59:13 UTC 2025 - Keep active
Wed Oct  1 12:58:57 UTC 2025 - Keep active
Thu Oct  2 12:55:05 UTC 2025 - Keep active
Fri Oct  3 12:54:41 UTC 2025 - Keep active
Sat Oct  4 12:50:24 UTC 2025 - Keep active
Sun Oct  5 12:50:59 UTC 2025 - Keep active
Mon Oct  6 12:58:07 UTC 2025 - Keep active
Tue Oct  7 12:58:05 UTC 2025 - Keep active
Wed Oct  8 12:58:15 UTC 2025 - Keep active
Thu Oct  9 12:58:40 UTC 2025 - Keep active
Fri Oct 10 12:56:34 UTC 2025 - Keep active
Sat Oct 11 12:50:30 UTC 2025 - Keep active
Sun Oct 12 12:51:13 UTC 2025 - Keep active
Mon Oct 13 12:58:35 UTC 2025 - Keep active
Tue Oct 14 13:00:06 UTC 2025 - Keep active
Wed Oct 15 13:00:05 UTC 2025 - Keep active
Thu Oct 16 13:00:02 UTC 2025 - Keep active
Fri Oct 17 12:57:58 UTC 2025 - Keep active
Sat Oct 18 12:52:21 UTC 2025 - Keep active
Sun Oct 19 12:52:16 UTC 2025 - Keep active
Mon Oct 20 12:59:15 UTC 2025 - Keep active
Tue Oct 21 13:01:23 UTC 2025 - Keep active
Wed Oct 22 13:01:53 UTC 2025 - Keep active
Thu Oct 23 13:00:40 UTC 2025 - Keep active
Fri Oct 24 12:59:51 UTC 2025 - Keep active
Sat Oct 25 12:52:08 UTC 2025 - Keep active
Sun Oct 26 12:53:25 UTC 2025 - Keep active
Mon Oct 27 13:00:40 UTC 2025 - Keep active
Tue Oct 28 12:59:20 UTC 2025 - Keep active
Wed Oct 29 13:01:34 UTC 2025 - Keep active
Thu Oct 30 12:59:50 UTC 2025 - Keep active
Fri Oct 31 12:59:04 UTC 2025 - Keep active
Sat Nov  1 12:52:39 UTC 2025 - Keep active
Sun Nov  2 12:52:09 UTC 2025 - Keep active
Mon Nov  3 13:00:11 UTC 2025 - Keep active
Tue Nov  4 13:03:42 UTC 2025 - Keep active
Wed Nov  5 13:00:37 UTC 2025 - Keep active
Thu Nov  6 13:00:08 UTC 2025 - Keep active
Fri Nov  7 12:58:30 UTC 2025 - Keep active
Sat Nov  8 12:53:16 UTC 2025 - Keep active
Sun Nov  9 12:52:55 UTC 2025 - Keep active
Mon Nov 10 13:01:09 UTC 2025 - Keep active
Tue Nov 11 13:00:45 UTC 2025 - Keep active
Wed Nov 12 13:02:23 UTC 2025 - Keep active
Thu Nov 13 13:02:00 UTC 2025 - Keep active
Fri Nov 14 12:59:21 UTC 2025 - Keep active
Sat Nov 15 12:53:57 UTC 2025 - Keep active
Sun Nov 16 12:53:29 UTC 2025 - Keep active
Mon Nov 17 13:01:02 UTC 2025 - Keep active
Tue Nov 18 13:00:47 UTC 2025 - Keep active
Wed Nov 19 13:01:02 UTC 2025 - Keep active
Thu Nov 20 12:59:46 UTC 2025 - Keep active
Fri Nov 21 12:58:43 UTC 2025 - Keep active
Sat Nov 22 12:52:44 UTC 2025 - Keep active
Sun Nov 23 12:52:15 UTC 2025 - Keep active
Mon Nov 24 13:02:01 UTC 2025 - Keep active
Tue Nov 25 13:02:01 UTC 2025 - Keep active
Wed Nov 26 13:03:15 UTC 2025 - Keep active
Thu Nov 27 13:01:37 UTC 2025 - Keep active
Fri Nov 28 12:59:56 UTC 2025 - Keep active
Sat Nov 29 12:55:56 UTC 2025 - Keep active
Sun Nov 30 12:55:37 UTC 2025 - Keep active
Mon Dec  1 13:04:44 UTC 2025 - Keep active
Tue Dec  2 13:04:44 UTC 2025 - Keep active
Wed Dec  3 13:05:08 UTC 2025 - Keep active
Thu Dec  4 13:05:30 UTC 2025 - Keep active
Fri Dec  5 13:01:19 UTC 2025 - Keep active
Sat Dec  6 12:56:44 UTC 2025 - Keep active
Sun Dec  7 12:54:50 UTC 2025 - Keep active
Mon Dec  8 13:03:43 UTC 2025 - Keep active
Tue Dec  9 13:05:18 UTC 2025 - Keep active
Wed Dec 10 13:05:52 UTC 2025 - Keep active
Thu Dec 11 13:06:51 UTC 2025 - Keep active
Fri Dec 12 13:03:48 UTC 2025 - Keep active
Sat Dec 13 12:57:17 UTC 2025 - Keep active
Sun Dec 14 12:57:33 UTC 2025 - Keep active
Mon Dec 15 13:08:08 UTC 2025 - Keep active
Tue Dec 16 13:06:03 UTC 2025 - Keep active
Wed Dec 17 13:05:51 UTC 2025 - Keep active
Thu Dec 18 13:04:07 UTC 2025 - Keep active
